Brand,Followers 1,Followers 2,Followers 3,Followers 4,Followers 5
0,124,125,126,127,128
1,129,130,131,132,133
2,134,135,136,137,138
3,139,140,141,142,143
4,144,145,146,147,148
5,149,150,151,152,153
6,154,155,156,157,158
7,159,160,161,162,163
8,164,165,166,167,168
9,169,170,171,172,173
10,174,175,176,177,178
11,179,180,181,182,183
12,184,185,186,187,188
13,189,190,191,192,193
14,194,195,196,197,198
15,199,200,201,202,203
16,204,205,206,207,208
17,209,210,211,212,213
18,214,215,216,217,218
19,219,220,221,222,223
20,224,225,226,227,228
21,229,230,231,232,233
22,234,235,236,237,238
23,239,240,241,242,243
24,244,245,246,247,248
25,249,250,251,252,253
26,254,255,256,257,258
27,259,260,261,262,263
28,264,265,266,267,268
29,269,270,271,272,273
30,274,275,276,277,278
31,279,280,281,282,283
32,284,285,286,287,288
33,289,290,291,292,293
34,294,295,296,297,298
35,299,300,301,302,303
36,304,305,306,307,308
37,309,310,311,312,313
38,314,315,316,317,318
39,319,320,321,322,323
40,324,325,326,327,328
41,329,330,331,332,333
42,334,335,336,337,338
43,339,340,341,342,343
44,344,345,346,347,348
45,349,350,351,352,353
46,354,355,356,357,358
47,359,360,361,362,363
48,364,365,366,367,368
49,369,370,371,372,373
50,374,375,376,377,378
51,379,380,381,382,383
52,384,385,386,387,388
53,389,390,391,392,393
54,394,395,396,397,398
55,399,400,401,402,403
56,404,405,406,407,408
57,409,410,411,412,413
58,414,415,416,417,418
59,419,420,421,422,423
60,424,425,426,427,428
61,429,430,431,432,433
62,434,435,436,437,438
63,439,440,441,442,443
64,444,445,446,447,448
65,449,450,451,452,453
66,454,455,456,457,458
67,459,460,461,462,463
68,464,465,466,467,468
69,469,470,471,472,473
70,474,475,476,477,478
71,479,480,481,482,483
72,484,485,486,487,488
73,489,490,491,492,493
74,494,495,496,497,498
75,499,500,501,502,503
76,504,505,506,507,508
77,509,510,511,512,513
78,514,515,516,517,518
79,519,520,521,522,523
80,524,525,526,527,528
81,529,530,531,532,533
82,534,535,536,537,538
83,539,540,541,542,543
84,544,545,546,547,548
85,549,550,551,552,553
86,554,555,556,557,558
87,559,560,561,562,563
88,564,565,566,567,568
89,569,570,571,572,573
90,574,575,576,577,578
91,579,580,581,582,583
92,584,585,586,587,588
93,589,590,591,592,593
94,594,595,596,597,598
95,599,600,601,602,603
96,604,605,606,607,608
97,609,610,611,612,613
98,614,615,616,617,618
99,619,620,621,622,623
100,624,625,626,627,628
101,629,630,631,632,633
102,634,635,636,637,638
103,639,640,641,642,643
104,644,645,646,647,648
105,649,650,651,652,653
106,654,655,656,657,658
107,659,660,661,662,663
108,664,665,666,667,668
109,669,670,671,672,673
110,674,675,676,677,678
111,679,680,681,682,683
112,684,685,686,687,688
113,689,690,691,692,693
114,694,695,696,697,698
115,699,700,701,702,703
116,704,705,706,707,708
117,709,710,711,712,713
118,714,715,716,717,718
119,719,720,721,722,723
120,724,725,726,727,728
121,729,730,731,732,733
122,734,735,736,737,738
123,739,740,741,742,743
